/home/mofeed/Projects/Transfer_Learning/finalSpecs\dbpedia-linkedgeodata-university/spec.xml	SourceProperty	http://www.w3.org/2003/01/geo/wgs84_pos#geometry
/home/mofeed/Projects/Transfer_Learning/finalSpecs\dbpedia-linkedgeodata-university/spec.xml	SourceProperty	http://dbpedia.org/ontology/motto
/home/mofeed/Projects/Transfer_Learning/finalSpecs\dbpedia-linkedgeodata-university/spec.xml	SourceProperty	http://www.w3.org/2002/07/owl#sameAs
/home/mofeed/Projects/Transfer_Learning/finalSpecs\dbpedia-linkedgeodata-university/spec.xml	SourceProperty	http://xmlns.com/foaf/0.1/depiction
/home/mofeed/Projects/Transfer_Learning/finalSpecs\dbpedia-linkedgeodata-university/spec.xml	SourceProperty	http://dbpedia.org/ontology/city
/home/mofeed/Projects/Transfer_Learning/finalSpecs\dbpedia-linkedgeodata-university/spec.xml	SourceProperty	http://dbpedia.org/property/president
/home/mofeed/Projects/Transfer_Learning/finalSpecs\dbpedia-linkedgeodata-university/spec.xml	SourceProperty	http://dbpedia.org/property/campus
/home/mofeed/Projects/Transfer_Learning/finalSpecs\dbpedia-linkedgeodata-university/spec.xml	SourceProperty	http://www.w3.org/2000/01/rdf-schema#label
/home/mofeed/Projects/Transfer_Learning/finalSpecs\dbpedia-linkedgeodata-university/spec.xml	SourceProperty	http://dbpedia.org/property/state
/home/mofeed/Projects/Transfer_Learning/finalSpecs\dbpedia-linkedgeodata-university/spec.xml	SourceProperty	http://dbpedia.org/ontology/officialSchoolColour
/home/mofeed/Projects/Transfer_Learning/finalSpecs\dbpedia-linkedgeodata-university/spec.xml	SourceProperty	http://purl.org/dc/terms/subject
/home/mofeed/Projects/Transfer_Learning/finalSpecs\dbpedia-linkedgeodata-university/spec.xml	SourceProperty	http://xmlns.com/foaf/0.1/page
/home/mofeed/Projects/Transfer_Learning/finalSpecs\dbpedia-linkedgeodata-university/spec.xml	SourceProperty	http://dbpedia.org/property/type
/home/mofeed/Projects/Transfer_Learning/finalSpecs\dbpedia-linkedgeodata-university/spec.xml	SourceProperty	http://www.w3.org/2003/01/geo/wgs84_pos#long
/home/mofeed/Projects/Transfer_Learning/finalSpecs\dbpedia-linkedgeodata-university/spec.xml	SourceProperty	http://dbpedia.org/property/wikiPageUsesTemplate
/home/mofeed/Projects/Transfer_Learning/finalSpecs\dbpedia-linkedgeodata-university/spec.xml	SourceProperty	http://dbpedia.org/ontology/type
/home/mofeed/Projects/Transfer_Learning/finalSpecs\dbpedia-linkedgeodata-university/spec.xml	SourceProperty	http://www.w3.org/1999/02/22-rdf-syntax-ns#type
/home/mofeed/Projects/Transfer_Learning/finalSpecs\dbpedia-linkedgeodata-university/spec.xml	SourceProperty	http://dbpedia.org/ontology/thumbnail
/home/mofeed/Projects/Transfer_Learning/finalSpecs\dbpedia-linkedgeodata-university/spec.xml	SourceProperty	http://xmlns.com/foaf/0.1/homepage
/home/mofeed/Projects/Transfer_Learning/finalSpecs\dbpedia-linkedgeodata-university/spec.xml	SourceProperty	http://www.w3.org/2000/01/rdf-schema#comment
/home/mofeed/Projects/Transfer_Learning/finalSpecs\dbpedia-linkedgeodata-university/spec.xml	SourceProperty	http://dbpedia.org/ontology/abstract
/home/mofeed/Projects/Transfer_Learning/finalSpecs\dbpedia-linkedgeodata-university/spec.xml	SourceProperty	http://dbpedia.org/property/name
/home/mofeed/Projects/Transfer_Learning/finalSpecs\dbpedia-linkedgeodata-university/spec.xml	SourceProperty	http://dbpedia.org/ontology/wikiPageExternalLink
/home/mofeed/Projects/Transfer_Learning/finalSpecs\dbpedia-linkedgeodata-university/spec.xml	SourceProperty	http://dbpedia.org/ontology/state
/home/mofeed/Projects/Transfer_Learning/finalSpecs\dbpedia-linkedgeodata-university/spec.xml	SourceProperty	http://dbpedia.org/property/city
/home/mofeed/Projects/Transfer_Learning/finalSpecs\dbpedia-linkedgeodata-university/spec.xml	SourceProperty	http://xmlns.com/foaf/0.1/name
/home/mofeed/Projects/Transfer_Learning/finalSpecs\dbpedia-linkedgeodata-university/spec.xml	SourceProperty	http://dbpedia.org/property/established
/home/mofeed/Projects/Transfer_Learning/finalSpecs\dbpedia-linkedgeodata-university/spec.xml	SourceProperty	http://dbpedia.org/ontology/country
/home/mofeed/Projects/Transfer_Learning/finalSpecs\dbpedia-linkedgeodata-university/spec.xml	SourceProperty	http://dbpedia.org/property/website
/home/mofeed/Projects/Transfer_Learning/finalSpecs\dbpedia-linkedgeodata-university/spec.xml	SourceProperty	http://dbpedia.org/property/country
/home/mofeed/Projects/Transfer_Learning/finalSpecs\dbpedia-linkedgeodata-university/spec.xml	SourceProperty	http://www.georss.org/georss/point
/home/mofeed/Projects/Transfer_Learning/finalSpecs\dbpedia-linkedgeodata-university/spec.xml	SourceProperty	http://dbpedia.org/property/wordnet_type
/home/mofeed/Projects/Transfer_Learning/finalSpecs\dbpedia-linkedgeodata-university/spec.xml	SourceProperty	http://dbpedia.org/property/undergrad
/home/mofeed/Projects/Transfer_Learning/finalSpecs\dbpedia-linkedgeodata-university/spec.xml	SourceProperty	http://www.w3.org/2003/01/geo/wgs84_pos#lat
/home/mofeed/Projects/Transfer_Learning/finalSpecs\dbpedia-linkedgeodata-university/spec.xml	TargetProperty	http://www.w3.org/2003/01/geo/wgs84_pos#geometry
/home/mofeed/Projects/Transfer_Learning/finalSpecs\dbpedia-linkedgeodata-university/spec.xml	TargetProperty	http://www.w3.org/2003/01/geo/wgs84_pos#long
/home/mofeed/Projects/Transfer_Learning/finalSpecs\dbpedia-linkedgeodata-university/spec.xml	TargetProperty	http://www.w3.org/1999/02/22-rdf-syntax-ns#type
/home/mofeed/Projects/Transfer_Learning/finalSpecs\dbpedia-linkedgeodata-university/spec.xml	TargetProperty	http://linkedgeodata.org/ontology/contributor
/home/mofeed/Projects/Transfer_Learning/finalSpecs\dbpedia-linkedgeodata-university/spec.xml	TargetProperty	http://www.w3.org/2000/01/rdf-schema#label
/home/mofeed/Projects/Transfer_Learning/finalSpecs\dbpedia-linkedgeodata-university/spec.xml	TargetProperty	http://www.w3.org/2003/01/geo/wgs84_pos#lat
/home/mofeed/Projects/Transfer_Learning/finalSpecs\dbpedia-linkedgeodata-university/spec.xml	TargetProperty	http://linkedgeodata.org/ontology/directType
/home/mofeed/Projects/Transfer_Learning/finalSpecs\eventseer-dogfood-event/spec.xml	SourceProperty	http://www.w3.org/1999/02/22-rdf-syntax-ns#type
/home/mofeed/Projects/Transfer_Learning/finalSpecs\eventseer-dogfood-event/spec.xml	SourceProperty	http://linkedevents.org/ontology/involvedAgent
/home/mofeed/Projects/Transfer_Learning/finalSpecs\eventseer-dogfood-event/spec.xml	SourceProperty	http://www.w3.org/2000/01/rdf-schema#label
/home/mofeed/Projects/Transfer_Learning/finalSpecs\eventseer-dogfood-event/spec.xml	SourceProperty	http://purl.org/dc/terms/subject
/home/mofeed/Projects/Transfer_Learning/finalSpecs\eventseer-dogfood-event/spec.xml	TargetProperty	http://data.semanticweb.org/ns/swc/ontology#completeGraph
/home/mofeed/Projects/Transfer_Learning/finalSpecs\eventseer-dogfood-event/spec.xml	TargetProperty	http://xmlns.com/foaf/0.1/based_near
/home/mofeed/Projects/Transfer_Learning/finalSpecs\eventseer-dogfood-event/spec.xml	TargetProperty	http://www.w3.org/1999/02/22-rdf-syntax-ns#type
/home/mofeed/Projects/Transfer_Learning/finalSpecs\eventseer-dogfood-event/spec.xml	TargetProperty	http://data.semanticweb.org/ns/swc/ontology#hasLogo
/home/mofeed/Projects/Transfer_Learning/finalSpecs\eventseer-dogfood-event/spec.xml	TargetProperty	http://data.semanticweb.org/ns/swc/ontology#hasRelatedDocument
/home/mofeed/Projects/Transfer_Learning/finalSpecs\eventseer-dogfood-event/spec.xml	TargetProperty	http://www.w3.org/2000/01/rdf-schema#label
/home/mofeed/Projects/Transfer_Learning/finalSpecs\eventseer-dogfood-event/spec.xml	TargetProperty	http://data.semanticweb.org/ns/swc/ontology#hasRole
/home/mofeed/Projects/Transfer_Learning/finalSpecs\eventseer-dogfood-event/spec.xml	TargetProperty	http://www.w3.org/2002/12/cal/ical#url
/home/mofeed/Projects/Transfer_Learning/finalSpecs\eventseer-dogfood-event/spec.xml	TargetProperty	http://data.semanticweb.org/ns/swc/ontology#hasAcronym
/home/mofeed/Projects/Transfer_Learning/finalSpecs\eventseer-dogfood-event/spec.xml	TargetProperty	http://data.semanticweb.org/ns/swc/ontology#isSuperEventOf
/home/mofeed/Projects/Transfer_Learning/finalSpecs\euraxess-eures-country/spec.xml	SourceProperty	http://www.w3.org/2002/07/owl#sameAs
/home/mofeed/Projects/Transfer_Learning/finalSpecs\euraxess-eures-country/spec.xml	SourceProperty	http://www4.wiwiss.fu-berlin.de/eures/resource/eures/countryCode
/home/mofeed/Projects/Transfer_Learning/finalSpecs\euraxess-eures-country/spec.xml	SourceProperty	http://www.w3.org/1999/02/22-rdf-syntax-ns#type
/home/mofeed/Projects/Transfer_Learning/finalSpecs\euraxess-eures-country/spec.xml	SourceProperty	http://www.w3.org/2000/01/rdf-schema#label
/home/mofeed/Projects/Transfer_Learning/finalSpecs\euraxess-eures-country/spec.xml	TargetProperty	http://www.w3.org/1999/02/22-rdf-syntax-ns#type
/home/mofeed/Projects/Transfer_Learning/finalSpecs\euraxess-eures-country/spec.xml	TargetProperty	http://www.w3.org/2000/01/rdf-schema#label
/home/mofeed/Projects/Transfer_Learning/finalSpecs\dbpedia-linkedgeodata-airport/spec.xml	SourceProperty	http://dbpedia.org/ontology/runwayDesignation
/home/mofeed/Projects/Transfer_Learning/finalSpecs\dbpedia-linkedgeodata-airport/spec.xml	SourceProperty	http://www.w3.org/2003/01/geo/wgs84_pos#geometry
/home/mofeed/Projects/Transfer_Learning/finalSpecs\dbpedia-linkedgeodata-airport/spec.xml	SourceProperty	http://dbpedia.org/property/iata
/home/mofeed/Projects/Transfer_Learning/finalSpecs\dbpedia-linkedgeodata-airport/spec.xml	SourceProperty	http://www.w3.org/2002/07/owl#sameAs
/home/mofeed/Projects/Transfer_Learning/finalSpecs\dbpedia-linkedgeodata-airport/spec.xml	SourceProperty	http://dbpedia.org/property/r1Surface
/home/mofeed/Projects/Transfer_Learning/finalSpecs\dbpedia-linkedgeodata-airport/spec.xml	SourceProperty	http://xmlns.com/foaf/0.1/depiction
/home/mofeed/Projects/Transfer_Learning/finalSpecs\dbpedia-linkedgeodata-airport/spec.xml	SourceProperty	http://dbpedia.org/property/elevationM
/home/mofeed/Projects/Transfer_Learning/finalSpecs\dbpedia-linkedgeodata-airport/spec.xml	SourceProperty	http://dbpedia.org/ontology/runwayLength
/home/mofeed/Projects/Transfer_Learning/finalSpecs\dbpedia-linkedgeodata-airport/spec.xml	SourceProperty	http://www.w3.org/2000/01/rdf-schema#label
/home/mofeed/Projects/Transfer_Learning/finalSpecs\dbpedia-linkedgeodata-airport/spec.xml	SourceProperty	http://dbpedia.org/ontology/runwaySurface
/home/mofeed/Projects/Transfer_Learning/finalSpecs\dbpedia-linkedgeodata-airport/spec.xml	SourceProperty	http://dbpedia.org/property/elevationF
/home/mofeed/Projects/Transfer_Learning/finalSpecs\dbpedia-linkedgeodata-airport/spec.xml	SourceProperty	http://dbpedia.org/ontology/iataLocationIdentifier
/home/mofeed/Projects/Transfer_Learning/finalSpecs\dbpedia-linkedgeodata-airport/spec.xml	SourceProperty	http://purl.org/dc/terms/subject
/home/mofeed/Projects/Transfer_Learning/finalSpecs\dbpedia-linkedgeodata-airport/spec.xml	SourceProperty	http://xmlns.com/foaf/0.1/page
/home/mofeed/Projects/Transfer_Learning/finalSpecs\dbpedia-linkedgeodata-airport/spec.xml	SourceProperty	http://dbpedia.org/property/type
/home/mofeed/Projects/Transfer_Learning/finalSpecs\dbpedia-linkedgeodata-airport/spec.xml	SourceProperty	http://www.w3.org/2003/01/geo/wgs84_pos#long
/home/mofeed/Projects/Transfer_Learning/finalSpecs\dbpedia-linkedgeodata-airport/spec.xml	SourceProperty	http://dbpedia.org/property/wikiPageUsesTemplate
/home/mofeed/Projects/Transfer_Learning/finalSpecs\dbpedia-linkedgeodata-airport/spec.xml	SourceProperty	http://www.w3.org/1999/02/22-rdf-syntax-ns#type
/home/mofeed/Projects/Transfer_Learning/finalSpecs\dbpedia-linkedgeodata-airport/spec.xml	SourceProperty	http://dbpedia.org/property/operator
/home/mofeed/Projects/Transfer_Learning/finalSpecs\dbpedia-linkedgeodata-airport/spec.xml	SourceProperty	http://dbpedia.org/property/location
/home/mofeed/Projects/Transfer_Learning/finalSpecs\dbpedia-linkedgeodata-airport/spec.xml	SourceProperty	http://dbpedia.org/ontology/thumbnail
/home/mofeed/Projects/Transfer_Learning/finalSpecs\dbpedia-linkedgeodata-airport/spec.xml	SourceProperty	http://dbpedia.org/property/r1Number
/home/mofeed/Projects/Transfer_Learning/finalSpecs\dbpedia-linkedgeodata-airport/spec.xml	SourceProperty	http://www.w3.org/2000/01/rdf-schema#comment
/home/mofeed/Projects/Transfer_Learning/finalSpecs\dbpedia-linkedgeodata-airport/spec.xml	SourceProperty	http://dbpedia.org/property/icao
/home/mofeed/Projects/Transfer_Learning/finalSpecs\dbpedia-linkedgeodata-airport/spec.xml	SourceProperty	http://dbpedia.org/ontology/abstract
/home/mofeed/Projects/Transfer_Learning/finalSpecs\dbpedia-linkedgeodata-airport/spec.xml	SourceProperty	http://dbpedia.org/property/name
/home/mofeed/Projects/Transfer_Learning/finalSpecs\dbpedia-linkedgeodata-airport/spec.xml	SourceProperty	http://dbpedia.org/property/r1LengthM
/home/mofeed/Projects/Transfer_Learning/finalSpecs\dbpedia-linkedgeodata-airport/spec.xml	SourceProperty	http://dbpedia.org/ontology/wikiPageExternalLink
/home/mofeed/Projects/Transfer_Learning/finalSpecs\dbpedia-linkedgeodata-airport/spec.xml	SourceProperty	http://dbpedia.org/ontology/icaoLocationIdentifier
/home/mofeed/Projects/Transfer_Learning/finalSpecs\dbpedia-linkedgeodata-airport/spec.xml	SourceProperty	http://xmlns.com/foaf/0.1/name
/home/mofeed/Projects/Transfer_Learning/finalSpecs\dbpedia-linkedgeodata-airport/spec.xml	SourceProperty	http://dbpedia.org/ontology/location
/home/mofeed/Projects/Transfer_Learning/finalSpecs\dbpedia-linkedgeodata-airport/spec.xml	SourceProperty	http://dbpedia.org/property/footnotes
/home/mofeed/Projects/Transfer_Learning/finalSpecs\dbpedia-linkedgeodata-airport/spec.xml	SourceProperty	http://www.georss.org/georss/point
/home/mofeed/Projects/Transfer_Learning/finalSpecs\dbpedia-linkedgeodata-airport/spec.xml	SourceProperty	http://dbpedia.org/ontology/elevation
/home/mofeed/Projects/Transfer_Learning/finalSpecs\dbpedia-linkedgeodata-airport/spec.xml	SourceProperty	http://dbpedia.org/property/r1LengthF
/home/mofeed/Projects/Transfer_Learning/finalSpecs\dbpedia-linkedgeodata-airport/spec.xml	SourceProperty	http://www.w3.org/2003/01/geo/wgs84_pos#lat
/home/mofeed/Projects/Transfer_Learning/finalSpecs\dbpedia-linkedgeodata-airport/spec.xml	TargetProperty	http://www.w3.org/2003/01/geo/wgs84_pos#geometry
/home/mofeed/Projects/Transfer_Learning/finalSpecs\dbpedia-linkedgeodata-airport/spec.xml	TargetProperty	http://www.w3.org/2002/07/owl#sameAs
/home/mofeed/Projects/Transfer_Learning/finalSpecs\dbpedia-linkedgeodata-airport/spec.xml	TargetProperty	http://www.w3.org/2003/01/geo/wgs84_pos#long
/home/mofeed/Projects/Transfer_Learning/finalSpecs\dbpedia-linkedgeodata-airport/spec.xml	TargetProperty	http://linkedgeodata.org/property/type
/home/mofeed/Projects/Transfer_Learning/finalSpecs\dbpedia-linkedgeodata-airport/spec.xml	TargetProperty	http://www.w3.org/1999/02/22-rdf-syntax-ns#type
/home/mofeed/Projects/Transfer_Learning/finalSpecs\dbpedia-linkedgeodata-airport/spec.xml	TargetProperty	http://linkedgeodata.org/ontology/contributor
/home/mofeed/Projects/Transfer_Learning/finalSpecs\dbpedia-linkedgeodata-airport/spec.xml	TargetProperty	http://linkedgeodata.org/property/is_in
/home/mofeed/Projects/Transfer_Learning/finalSpecs\dbpedia-linkedgeodata-airport/spec.xml	TargetProperty	http://www.w3.org/2000/01/rdf-schema#label
/home/mofeed/Projects/Transfer_Learning/finalSpecs\dbpedia-linkedgeodata-airport/spec.xml	TargetProperty	http://www.w3.org/2003/01/geo/wgs84_pos#lat
/home/mofeed/Projects/Transfer_Learning/finalSpecs\dbpedia-linkedgeodata-airport/spec.xml	TargetProperty	http://linkedgeodata.org/ontology/directType
/home/mofeed/Projects/Transfer_Learning/finalSpecs\dbpedia-linkedgeodata-airport/spec.xml	TargetProperty	http://linkedgeodata.org/property/iata
/home/mofeed/Projects/Transfer_Learning/finalSpecs\dbpedia-linkedgeodata-airport/spec.xml	TargetProperty	http://linkedgeodata.org/property/icao
/home/mofeed/Projects/Transfer_Learning/finalSpecs\dblp-datasemanticweb-researcher/spec.xml	SourceProperty	http://xmlns.com/foaf/0.1/made
/home/mofeed/Projects/Transfer_Learning/finalSpecs\dblp-datasemanticweb-researcher/spec.xml	SourceProperty	http://www.w3.org/2000/01/rdf-schema#seeAlso
/home/mofeed/Projects/Transfer_Learning/finalSpecs\dblp-datasemanticweb-researcher/spec.xml	SourceProperty	http://www.w3.org/2002/07/owl#sameAs
/home/mofeed/Projects/Transfer_Learning/finalSpecs\dblp-datasemanticweb-researcher/spec.xml	SourceProperty	http://swrc.ontoware.org/ontology#affiliation
/home/mofeed/Projects/Transfer_Learning/finalSpecs\dblp-datasemanticweb-researcher/spec.xml	SourceProperty	http://www.w3.org/1999/02/22-rdf-syntax-ns#type
/home/mofeed/Projects/Transfer_Learning/finalSpecs\dblp-datasemanticweb-researcher/spec.xml	SourceProperty	http://xmlns.com/foaf/0.1/mbox_sha1sum
/home/mofeed/Projects/Transfer_Learning/finalSpecs\dblp-datasemanticweb-researcher/spec.xml	SourceProperty	http://www.w3.org/2000/01/rdf-schema#label
/home/mofeed/Projects/Transfer_Learning/finalSpecs\dblp-datasemanticweb-researcher/spec.xml	SourceProperty	http://xmlns.com/foaf/0.1/name
/home/mofeed/Projects/Transfer_Learning/finalSpecs\dblp-datasemanticweb-researcher/spec.xml	SourceProperty	http://xmlns.com/foaf/0.1/page
/home/mofeed/Projects/Transfer_Learning/finalSpecs\dblp-datasemanticweb-researcher/spec.xml	TargetProperty	http://www.w3.org/2000/01/rdf-schema#seeAlso
/home/mofeed/Projects/Transfer_Learning/finalSpecs\dblp-datasemanticweb-researcher/spec.xml	TargetProperty	http://www.w3.org/1999/02/22-rdf-syntax-ns#type
/home/mofeed/Projects/Transfer_Learning/finalSpecs\dblp-datasemanticweb-researcher/spec.xml	TargetProperty	http://xmlns.com/foaf/0.1/name
/home/mofeed/Projects/Transfer_Learning/finalSpecs\dblp-datasemanticweb-researcher/spec.xml	TargetProperty	http://www.w3.org/2000/01/rdf-schema#label
/home/mofeed/Projects/Transfer_Learning/finalSpecs\stad-rmon-person/spec.xml	SourceProperty	http://www.w3.org/1999/02/22-rdf-syntax-ns#type
/home/mofeed/Projects/Transfer_Learning/finalSpecs\stad-rmon-person/spec.xml	SourceProperty	http://xmlns.com/foaf/0.1/name
/home/mofeed/Projects/Transfer_Learning/finalSpecs\stad-rmon-person/spec.xml	TargetProperty	http://www.w3.org/1999/02/22-rdf-syntax-ns#type
/home/mofeed/Projects/Transfer_Learning/finalSpecs\stad-rmon-person/spec.xml	TargetProperty	http://www.w3.org/2000/01/rdf-schema#label
/home/mofeed/Projects/Transfer_Learning/finalSpecs\eventseer-dogfood-person/spec.xml	SourceProperty	http://xmlns.com/foaf/0.1/topic_interest
/home/mofeed/Projects/Transfer_Learning/finalSpecs\eventseer-dogfood-person/spec.xml	SourceProperty	http://xmlns.com/foaf/0.1/knows
/home/mofeed/Projects/Transfer_Learning/finalSpecs\eventseer-dogfood-person/spec.xml	SourceProperty	http://www.w3.org/1999/02/22-rdf-syntax-ns#type
/home/mofeed/Projects/Transfer_Learning/finalSpecs\eventseer-dogfood-person/spec.xml	SourceProperty	http://xmlns.com/foaf/0.1/name
/home/mofeed/Projects/Transfer_Learning/finalSpecs\eventseer-dogfood-person/spec.xml	TargetProperty	http://xmlns.com/foaf/0.1/made
/home/mofeed/Projects/Transfer_Learning/finalSpecs\eventseer-dogfood-person/spec.xml	TargetProperty	http://www.w3.org/2000/01/rdf-schema#seeAlso
/home/mofeed/Projects/Transfer_Learning/finalSpecs\eventseer-dogfood-person/spec.xml	TargetProperty	http://www.w3.org/2002/07/owl#sameAs
/home/mofeed/Projects/Transfer_Learning/finalSpecs\eventseer-dogfood-person/spec.xml	TargetProperty	http://swrc.ontoware.org/ontology#affiliation
/home/mofeed/Projects/Transfer_Learning/finalSpecs\eventseer-dogfood-person/spec.xml	TargetProperty	http://www.w3.org/1999/02/22-rdf-syntax-ns#type
/home/mofeed/Projects/Transfer_Learning/finalSpecs\eventseer-dogfood-person/spec.xml	TargetProperty	http://xmlns.com/foaf/0.1/mbox_sha1sum
/home/mofeed/Projects/Transfer_Learning/finalSpecs\eventseer-dogfood-person/spec.xml	TargetProperty	http://www.w3.org/2000/01/rdf-schema#label
/home/mofeed/Projects/Transfer_Learning/finalSpecs\eventseer-dogfood-person/spec.xml	TargetProperty	http://xmlns.com/foaf/0.1/name
/home/mofeed/Projects/Transfer_Learning/finalSpecs\eventseer-dogfood-person/spec.xml	TargetProperty	http://xmlns.com/foaf/0.1/page
/home/mofeed/Projects/Transfer_Learning/finalSpecs\eventseer-dblp_l3s-person/spec.xml	SourceProperty	http://xmlns.com/foaf/0.1/topic_interest
/home/mofeed/Projects/Transfer_Learning/finalSpecs\eventseer-dblp_l3s-person/spec.xml	SourceProperty	http://xmlns.com/foaf/0.1/knows
/home/mofeed/Projects/Transfer_Learning/finalSpecs\eventseer-dblp_l3s-person/spec.xml	SourceProperty	http://www.w3.org/1999/02/22-rdf-syntax-ns#type
/home/mofeed/Projects/Transfer_Learning/finalSpecs\eventseer-dblp_l3s-person/spec.xml	SourceProperty	http://xmlns.com/foaf/0.1/name
/home/mofeed/Projects/Transfer_Learning/finalSpecs\eventseer-dblp_l3s-person/spec.xml	TargetProperty	http://www.w3.org/2000/01/rdf-schema#seeAlso
/home/mofeed/Projects/Transfer_Learning/finalSpecs\eventseer-dblp_l3s-person/spec.xml	TargetProperty	http://www.w3.org/1999/02/22-rdf-syntax-ns#type
/home/mofeed/Projects/Transfer_Learning/finalSpecs\eventseer-dblp_l3s-person/spec.xml	TargetProperty	http://xmlns.com/foaf/0.1/name
/home/mofeed/Projects/Transfer_Learning/finalSpecs\eventseer-dblp_l3s-person/spec.xml	TargetProperty	http://www.w3.org/2000/01/rdf-schema#label
/home/mofeed/Projects/Transfer_Learning/finalSpecs\dbpedia-openei-country/spec.xml	SourceProperty	http://dbpedia.org/property/utcOffset
/home/mofeed/Projects/Transfer_Learning/finalSpecs\dbpedia-openei-country/spec.xml	SourceProperty	http://dbpedia.org/property/nationalAnthem
/home/mofeed/Projects/Transfer_Learning/finalSpecs\dbpedia-openei-country/spec.xml	SourceProperty	http://dbpedia.org/property/currency
/home/mofeed/Projects/Transfer_Learning/finalSpecs\dbpedia-openei-country/spec.xml	SourceProperty	http://xmlns.com/foaf/0.1/depiction
/home/mofeed/Projects/Transfer_Learning/finalSpecs\dbpedia-openei-country/spec.xml	SourceProperty	http://dbpedia.org/ontology/currency
/home/mofeed/Projects/Transfer_Learning/finalSpecs\dbpedia-openei-country/spec.xml	SourceProperty	http://dbpedia.org/property/latm
/home/mofeed/Projects/Transfer_Learning/finalSpecs\dbpedia-openei-country/spec.xml	SourceProperty	http://dbpedia.org/ontology/foundingDate
/home/mofeed/Projects/Transfer_Learning/finalSpecs\dbpedia-openei-country/spec.xml	SourceProperty	http://www.w3.org/2000/01/rdf-schema#label
/home/mofeed/Projects/Transfer_Learning/finalSpecs\dbpedia-openei-country/spec.xml	SourceProperty	http://dbpedia.org/property/nativeName
/home/mofeed/Projects/Transfer_Learning/finalSpecs\dbpedia-openei-country/spec.xml	SourceProperty	http://dbpedia.org/property/officialLanguages
/home/mofeed/Projects/Transfer_Learning/finalSpecs\dbpedia-openei-country/spec.xml	SourceProperty	http://xmlns.com/foaf/0.1/page
/home/mofeed/Projects/Transfer_Learning/finalSpecs\dbpedia-openei-country/spec.xml	SourceProperty	http://dbpedia.org/ontology/demonym
/home/mofeed/Projects/Transfer_Learning/finalSpecs\dbpedia-openei-country/spec.xml	SourceProperty	http://dbpedia.org/resource/Template:Infobox_country
/home/mofeed/Projects/Transfer_Learning/finalSpecs\dbpedia-openei-country/spec.xml	SourceProperty	http://dbpedia.org/property/wikiPageUsesTemplate
/home/mofeed/Projects/Transfer_Learning/finalSpecs\dbpedia-openei-country/spec.xml	SourceProperty	http://dbpedia.org/property/demonym
/home/mofeed/Projects/Transfer_Learning/finalSpecs\dbpedia-openei-country/spec.xml	SourceProperty	http://dbpedia.org/property/cctld
/home/mofeed/Projects/Transfer_Learning/finalSpecs\dbpedia-openei-country/spec.xml	SourceProperty	http://dbpedia.org/property/commonName
/home/mofeed/Projects/Transfer_Learning/finalSpecs\dbpedia-openei-country/spec.xml	SourceProperty	http://dbpedia.org/ontology/anthem
/home/mofeed/Projects/Transfer_Learning/finalSpecs\dbpedia-openei-country/spec.xml	SourceProperty	http://dbpedia.org/ontology/longName
/home/mofeed/Projects/Transfer_Learning/finalSpecs\dbpedia-openei-country/spec.xml	SourceProperty	http://dbpedia.org/property/leaderName
/home/mofeed/Projects/Transfer_Learning/finalSpecs\dbpedia-openei-country/spec.xml	SourceProperty	http://dbpedia.org/property/longew
/home/mofeed/Projects/Transfer_Learning/finalSpecs\dbpedia-openei-country/spec.xml	SourceProperty	http://dbpedia.org/property/establishedEvent
/home/mofeed/Projects/Transfer_Learning/finalSpecs\dbpedia-openei-country/spec.xml	SourceProperty	http://dbpedia.org/ontology/abstract
/home/mofeed/Projects/Transfer_Learning/finalSpecs\dbpedia-openei-country/spec.xml	SourceProperty	http://dbpedia.org/property/drivesOn
/home/mofeed/Projects/Transfer_Learning/finalSpecs\dbpedia-openei-country/spec.xml	SourceProperty	http://dbpedia.org/property/longd
/home/mofeed/Projects/Transfer_Learning/finalSpecs\dbpedia-openei-country/spec.xml	SourceProperty	http://dbpedia.org/property/populationDensityRank
/home/mofeed/Projects/Transfer_Learning/finalSpecs\dbpedia-openei-country/spec.xml	SourceProperty	http://xmlns.com/foaf/0.1/name
/home/mofeed/Projects/Transfer_Learning/finalSpecs\dbpedia-openei-country/spec.xml	SourceProperty	http://dbpedia.org/property/establishedDate
/home/mofeed/Projects/Transfer_Learning/finalSpecs\dbpedia-openei-country/spec.xml	SourceProperty	http://dbpedia.org/property/longm
/home/mofeed/Projects/Transfer_Learning/finalSpecs\dbpedia-openei-country/spec.xml	SourceProperty	http://dbpedia.org/property/latns
/home/mofeed/Projects/Transfer_Learning/finalSpecs\dbpedia-openei-country/spec.xml	SourceProperty	http://dbpedia.org/ontology/PopulatedPlace/populationDensity
/home/mofeed/Projects/Transfer_Learning/finalSpecs\dbpedia-openei-country/spec.xml	SourceProperty	http://dbpedia.org/property/latd
/home/mofeed/Projects/Transfer_Learning/finalSpecs\dbpedia-openei-country/spec.xml	SourceProperty	http://dbpedia.org/property/imageCoat
/home/mofeed/Projects/Transfer_Learning/finalSpecs\dbpedia-openei-country/spec.xml	SourceProperty	http://dbpedia.org/property/conventionalLongName
/home/mofeed/Projects/Transfer_Learning/finalSpecs\dbpedia-openei-country/spec.xml	SourceProperty	http://dbpedia.org/ontology/officialLanguage
/home/mofeed/Projects/Transfer_Learning/finalSpecs\dbpedia-openei-country/spec.xml	SourceProperty	http://dbpedia.org/property/areaSqMi
/home/mofeed/Projects/Transfer_Learning/finalSpecs\dbpedia-openei-country/spec.xml	SourceProperty	http://dbpedia.org/ontology/governmentType
/home/mofeed/Projects/Transfer_Learning/finalSpecs\dbpedia-openei-country/spec.xml	SourceProperty	http://dbpedia.org/property/populationDensitySqMi
/home/mofeed/Projects/Transfer_Learning/finalSpecs\dbpedia-openei-country/spec.xml	SourceProperty	http://www.w3.org/2003/01/geo/wgs84_pos#lat
/home/mofeed/Projects/Transfer_Learning/finalSpecs\dbpedia-openei-country/spec.xml	SourceProperty	http://dbpedia.org/property/governmentType
/home/mofeed/Projects/Transfer_Learning/finalSpecs\dbpedia-openei-country/spec.xml	SourceProperty	http://dbpedia.org/property/gdpPppPerCapita
/home/mofeed/Projects/Transfer_Learning/finalSpecs\dbpedia-openei-country/spec.xml	SourceProperty	http://www.w3.org/2002/07/owl#sameAs
/home/mofeed/Projects/Transfer_Learning/finalSpecs\dbpedia-openei-country/spec.xml	SourceProperty	http://dbpedia.org/property/populationDensityKm
/home/mofeed/Projects/Transfer_Learning/finalSpecs\dbpedia-openei-country/spec.xml	SourceProperty	http://dbpedia.org/ontology/leaderName
/home/mofeed/Projects/Transfer_Learning/finalSpecs\dbpedia-openei-country/spec.xml	SourceProperty	http://dbpedia.org/property/largestCity
/home/mofeed/Projects/Transfer_Learning/finalSpecs\dbpedia-openei-country/spec.xml	SourceProperty	http://purl.org/dc/terms/subject
/home/mofeed/Projects/Transfer_Learning/finalSpecs\dbpedia-openei-country/spec.xml	SourceProperty	http://dbpedia.org/ontology/leaderTitle
/home/mofeed/Projects/Transfer_Learning/finalSpecs\dbpedia-openei-country/spec.xml	SourceProperty	http://dbpedia.org/property/currencyCode
/home/mofeed/Projects/Transfer_Learning/finalSpecs\dbpedia-openei-country/spec.xml	SourceProperty	http://www.w3.org/2003/01/geo/wgs84_pos#long
/home/mofeed/Projects/Transfer_Learning/finalSpecs\dbpedia-openei-country/spec.xml	SourceProperty	http://dbpedia.org/property/leaderTitle
/home/mofeed/Projects/Transfer_Learning/finalSpecs\dbpedia-openei-country/spec.xml	SourceProperty	http://dbpedia.org/ontology/populationDensity
/home/mofeed/Projects/Transfer_Learning/finalSpecs\dbpedia-openei-country/spec.xml	SourceProperty	http://www.w3.org/1999/02/22-rdf-syntax-ns#type
/home/mofeed/Projects/Transfer_Learning/finalSpecs\dbpedia-openei-country/spec.xml	SourceProperty	http://dbpedia.org/ontology/thumbnail
/home/mofeed/Projects/Transfer_Learning/finalSpecs\dbpedia-openei-country/spec.xml	SourceProperty	http://www.w3.org/2000/01/rdf-schema#comment
/home/mofeed/Projects/Transfer_Learning/finalSpecs\dbpedia-openei-country/spec.xml	SourceProperty	http://dbpedia.org/property/callingCode
/home/mofeed/Projects/Transfer_Learning/finalSpecs\dbpedia-openei-country/spec.xml	SourceProperty	http://dbpedia.org/property/legislature
/home/mofeed/Projects/Transfer_Learning/finalSpecs\dbpedia-openei-country/spec.xml	SourceProperty	http://dbpedia.org/property/capital
/home/mofeed/Projects/Transfer_Learning/finalSpecs\dbpedia-openei-country/spec.xml	SourceProperty	http://dbpedia.org/ontology/language
/home/mofeed/Projects/Transfer_Learning/finalSpecs\dbpedia-openei-country/spec.xml	SourceProperty	http://dbpedia.org/property/areaKm
/home/mofeed/Projects/Transfer_Learning/finalSpecs\dbpedia-openei-country/spec.xml	SourceProperty	http://dbpedia.org/ontology/wikiPageExternalLink
/home/mofeed/Projects/Transfer_Learning/finalSpecs\dbpedia-openei-country/spec.xml	SourceProperty	http://dbpedia.org/property/imageMap
/home/mofeed/Projects/Transfer_Learning/finalSpecs\dbpedia-openei-country/spec.xml	SourceProperty	http://dbpedia.org/ontology/capital
/home/mofeed/Projects/Transfer_Learning/finalSpecs\dbpedia-openei-country/spec.xml	SourceProperty	http://dbpedia.org/property/hasPhotoCollection
/home/mofeed/Projects/Transfer_Learning/finalSpecs\dbpedia-openei-country/spec.xml	SourceProperty	http://dbpedia.org/property/imageFlag
/home/mofeed/Projects/Transfer_Learning/finalSpecs\dbpedia-openei-country/spec.xml	SourceProperty	http://dbpedia.org/ontology/PopulatedPlace/areaTotal
/home/mofeed/Projects/Transfer_Learning/finalSpecs\dbpedia-openei-country/spec.xml	SourceProperty	http://dbpedia.org/property/areaRank
/home/mofeed/Projects/Transfer_Learning/finalSpecs\dbpedia-openei-country/spec.xml	SourceProperty	http://dbpedia.org/property/sovereigntyType
/home/mofeed/Projects/Transfer_Learning/finalSpecs\dbpedia-openei-country/spec.xml	SourceProperty	http://www.georss.org/georss/point
/home/mofeed/Projects/Transfer_Learning/finalSpecs\dbpedia-openei-country/spec.xml	SourceProperty	http://dbpedia.org/ontology/areaTotal
/home/mofeed/Projects/Transfer_Learning/finalSpecs\dbpedia-openei-country/spec.xml	SourceProperty	http://dbpedia.org/property/title
/home/mofeed/Projects/Transfer_Learning/finalSpecs\dbpedia-openei-country/spec.xml	TargetProperty	http://semantic-mediawiki.org/swivt/1.0#wikiPageModificationDate
/home/mofeed/Projects/Transfer_Learning/finalSpecs\dbpedia-openei-country/spec.xml	TargetProperty	http://openei.org/resources/Property-3AUNRegion
/home/mofeed/Projects/Transfer_Learning/finalSpecs\dbpedia-openei-country/spec.xml	TargetProperty	http://openei.org/resources/Property-3ACoordinates
/home/mofeed/Projects/Transfer_Learning/finalSpecs\dbpedia-openei-country/spec.xml	TargetProperty	http://openei.org/resources/Property-3ANumberOfLowCarbonPrograms
/home/mofeed/Projects/Transfer_Learning/finalSpecs\dbpedia-openei-country/spec.xml	TargetProperty	http://www.w3.org/2000/01/rdf-schema#label
/home/mofeed/Projects/Transfer_Learning/finalSpecs\dbpedia-openei-country/spec.xml	TargetProperty	http://openei.org/resources/Property-3AOpenEI-2FPageDescription
/home/mofeed/Projects/Transfer_Learning/finalSpecs\dbpedia-openei-country/spec.xml	TargetProperty	http://openei.org/resources/Property-3ANumberOfCLEANPrograms
/home/mofeed/Projects/Transfer_Learning/finalSpecs\dbpedia-openei-country/spec.xml	TargetProperty	http://semantic-mediawiki.org/swivt/1.0#page
/home/mofeed/Projects/Transfer_Learning/finalSpecs\dbpedia-openei-country/spec.xml	TargetProperty	http://openei.org/resources/Property-3ANumberOfDOELabPrograms
/home/mofeed/Projects/Transfer_Learning/finalSpecs\dbpedia-openei-country/spec.xml	TargetProperty	http://www.w3.org/1999/02/22-rdf-syntax-ns#type
/home/mofeed/Projects/Transfer_Learning/finalSpecs\dbpedia-openei-country/spec.xml	TargetProperty	http://openei.org/resources/Property-3APartOf
/home/mofeed/Projects/Transfer_Learning/finalSpecs\dbpedia-openei-country/spec.xml	TargetProperty	http://openei.org/resources/Property-3AIso3166Alpha3
/home/mofeed/Projects/Transfer_Learning/finalSpecs\dbpedia-openei-country/spec.xml	TargetProperty	http://openei.org/resources/Property-3AAdvancedEconomy
/home/mofeed/Projects/Transfer_Learning/finalSpecs\dbpedia-openei-country/spec.xml	TargetProperty	http://openei.org/resources/Property-3AIso3166Alpha2
/home/mofeed/Projects/Transfer_Learning/finalSpecs\dbpedia-openei-country/spec.xml	TargetProperty	http://openei.org/resources/Property-3ANumberOfResourceAssessmentsLand
/home/mofeed/Projects/Transfer_Learning/finalSpecs\dbpedia-openei-country/spec.xml	TargetProperty	http://openei.org/resources/Property-3AOpenEI-2FPageKeyword
/home/mofeed/Projects/Transfer_Learning/finalSpecs\dbpedia-openei-country/spec.xml	TargetProperty	http://www.w3.org/2000/01/rdf-schema#isDefinedBy
/home/mofeed/Projects/Transfer_Learning/finalSpecs\dbpedia-openei-country/spec.xml	TargetProperty	http://openei.org/resources/Property-3AKML_XPath
/home/mofeed/Projects/Transfer_Learning/finalSpecs\dbpedia-openei-country/spec.xml	TargetProperty	http://openei.org/resources/Property-3AName
/home/mofeed/Projects/Transfer_Learning/finalSpecs\dbpedia-openei-country/spec.xml	TargetProperty	http://openei.org/resources/Property-3ANumberOfLowCarbonPlanningPrograms
/home/mofeed/Projects/Transfer_Learning/finalSpecs\dbpedia-openei-country/spec.xml	TargetProperty	http://openei.org/resources/Property-3AIso3166Numeric
/home/mofeed/Projects/Transfer_Learning/finalSpecs\dbpedia-openei-country/spec.xml	TargetProperty	http://openei.org/resources/Property-3ANumberOfSolarResources
/home/mofeed/Projects/Transfer_Learning/finalSpecs\dbpedia-openei-country/spec.xml	TargetProperty	http://openei.org/resources/Property-3AKML_URL
/home/mofeed/Projects/Transfer_Learning/finalSpecs\dbpedia-openei-country/spec.xml	TargetProperty	http://openei.org/resources/Property-3ANumberOfPrograms
/home/mofeed/Projects/Transfer_Learning/finalSpecs\dbpedia-openei-country/spec.xml	TargetProperty	http://openei.org/resources/Property-3ANumberOfResourceAssessmentsEnergy
/home/mofeed/Projects/Transfer_Learning/finalSpecs\dbpedia-openei-country/spec.xml	TargetProperty	http://semantic-mediawiki.org/swivt/1.0#wikiNamespace
/home/mofeed/Projects/Transfer_Learning/finalSpecs\dbpedia-gutendata-texts/spec.xml	SourceProperty	http://dbpedia.org/property/pages
/home/mofeed/Projects/Transfer_Learning/finalSpecs\dbpedia-gutendata-texts/spec.xml	SourceProperty	http://dbpedia.org/ontology/mediaType
/home/mofeed/Projects/Transfer_Learning/finalSpecs\dbpedia-gutendata-texts/spec.xml	SourceProperty	http://dbpedia.org/property/mediaType
/home/mofeed/Projects/Transfer_Learning/finalSpecs\dbpedia-gutendata-texts/spec.xml	SourceProperty	http://www.w3.org/2002/07/owl#sameAs
/home/mofeed/Projects/Transfer_Learning/finalSpecs\dbpedia-gutendata-texts/spec.xml	SourceProperty	http://xmlns.com/foaf/0.1/depiction
/home/mofeed/Projects/Transfer_Learning/finalSpecs\dbpedia-gutendata-texts/spec.xml	SourceProperty	http://dbpedia.org/property/language
/home/mofeed/Projects/Transfer_Learning/finalSpecs\dbpedia-gutendata-texts/spec.xml	SourceProperty	http://www.w3.org/2000/01/rdf-schema#label
/home/mofeed/Projects/Transfer_Learning/finalSpecs\dbpedia-gutendata-texts/spec.xml	SourceProperty	http://dbpedia.org/property/imageCaption
/home/mofeed/Projects/Transfer_Learning/finalSpecs\dbpedia-gutendata-texts/spec.xml	SourceProperty	http://purl.org/dc/terms/subject
/home/mofeed/Projects/Transfer_Learning/finalSpecs\dbpedia-gutendata-texts/spec.xml	SourceProperty	http://xmlns.com/foaf/0.1/page
/home/mofeed/Projects/Transfer_Learning/finalSpecs\dbpedia-gutendata-texts/spec.xml	SourceProperty	http://dbpedia.org/property/wikiPageUsesTemplate
/home/mofeed/Projects/Transfer_Learning/finalSpecs\dbpedia-gutendata-texts/spec.xml	SourceProperty	http://www.w3.org/1999/02/22-rdf-syntax-ns#type
/home/mofeed/Projects/Transfer_Learning/finalSpecs\dbpedia-gutendata-texts/spec.xml	SourceProperty	http://dbpedia.org/ontology/thumbnail
/home/mofeed/Projects/Transfer_Learning/finalSpecs\dbpedia-gutendata-texts/spec.xml	SourceProperty	http://www.w3.org/2000/01/rdf-schema#comment
/home/mofeed/Projects/Transfer_Learning/finalSpecs\dbpedia-gutendata-texts/spec.xml	SourceProperty	http://dbpedia.org/ontology/numberOfPages
/home/mofeed/Projects/Transfer_Learning/finalSpecs\dbpedia-gutendata-texts/spec.xml	SourceProperty	http://dbpedia.org/ontology/isbn
/home/mofeed/Projects/Transfer_Learning/finalSpecs\dbpedia-gutendata-texts/spec.xml	SourceProperty	http://dbpedia.org/ontology/abstract
/home/mofeed/Projects/Transfer_Learning/finalSpecs\dbpedia-gutendata-texts/spec.xml	SourceProperty	http://dbpedia.org/property/name
/home/mofeed/Projects/Transfer_Learning/finalSpecs\dbpedia-gutendata-texts/spec.xml	SourceProperty	http://dbpedia.org/ontology/language
/home/mofeed/Projects/Transfer_Learning/finalSpecs\dbpedia-gutendata-texts/spec.xml	SourceProperty	http://dbpedia.org/ontology/publisher
/home/mofeed/Projects/Transfer_Learning/finalSpecs\dbpedia-gutendata-texts/spec.xml	SourceProperty	http://dbpedia.org/ontology/wikiPageExternalLink
/home/mofeed/Projects/Transfer_Learning/finalSpecs\dbpedia-gutendata-texts/spec.xml	SourceProperty	http://dbpedia.org/property/releaseDate
/home/mofeed/Projects/Transfer_Learning/finalSpecs\dbpedia-gutendata-texts/spec.xml	SourceProperty	http://dbpedia.org/property/publisher
/home/mofeed/Projects/Transfer_Learning/finalSpecs\dbpedia-gutendata-texts/spec.xml	SourceProperty	http://xmlns.com/foaf/0.1/name
/home/mofeed/Projects/Transfer_Learning/finalSpecs\dbpedia-gutendata-texts/spec.xml	SourceProperty	http://dbpedia.org/property/author
/home/mofeed/Projects/Transfer_Learning/finalSpecs\dbpedia-gutendata-texts/spec.xml	SourceProperty	http://dbpedia.org/ontology/country
/home/mofeed/Projects/Transfer_Learning/finalSpecs\dbpedia-gutendata-texts/spec.xml	SourceProperty	http://dbpedia.org/property/genre
/home/mofeed/Projects/Transfer_Learning/finalSpecs\dbpedia-gutendata-texts/spec.xml	SourceProperty	http://dbpedia.org/property/country
/home/mofeed/Projects/Transfer_Learning/finalSpecs\dbpedia-gutendata-texts/spec.xml	SourceProperty	http://dbpedia.org/ontology/literaryGenre
/home/mofeed/Projects/Transfer_Learning/finalSpecs\dbpedia-gutendata-texts/spec.xml	SourceProperty	http://dbpedia.org/ontology/author
/home/mofeed/Projects/Transfer_Learning/finalSpecs\dbpedia-gutendata-texts/spec.xml	SourceProperty	http://dbpedia.org/property/isbn
/home/mofeed/Projects/Transfer_Learning/finalSpecs\dbpedia-gutendata-texts/spec.xml	TargetProperty	http://purl.org/dc/elements/1.1/publisher
/home/mofeed/Projects/Transfer_Learning/finalSpecs\dbpedia-gutendata-texts/spec.xml	TargetProperty	http://purl.org/dc/elements/1.1/rights
/home/mofeed/Projects/Transfer_Learning/finalSpecs\dbpedia-gutendata-texts/spec.xml	TargetProperty	http://purl.org/dc/elements/1.1/subject
/home/mofeed/Projects/Transfer_Learning/finalSpecs\dbpedia-gutendata-texts/spec.xml	TargetProperty	http://purl.org/dc/elements/1.1/title
/home/mofeed/Projects/Transfer_Learning/finalSpecs\dbpedia-gutendata-texts/spec.xml	TargetProperty	http://www.w3.org/1999/02/22-rdf-syntax-ns#type
/home/mofeed/Projects/Transfer_Learning/finalSpecs\dbpedia-gutendata-texts/spec.xml	TargetProperty	http://purl.org/dc/terms/created
/home/mofeed/Projects/Transfer_Learning/finalSpecs\dbpedia-gutendata-texts/spec.xml	TargetProperty	http://www.w3.org/2000/01/rdf-schema#label
/home/mofeed/Projects/Transfer_Learning/finalSpecs\dbpedia-gutendata-texts/spec.xml	TargetProperty	http://purl.org/dc/elements/1.1/language
/home/mofeed/Projects/Transfer_Learning/finalSpecs\dbpedia-gutendata-texts/spec.xml	TargetProperty	http://purl.org/dc/terms/alternative
/home/mofeed/Projects/Transfer_Learning/finalSpecs\dbpedia-gutendata-texts/spec.xml	TargetProperty	http://purl.org/dc/elements/1.1/creator
/home/mofeed/Projects/Transfer_Learning/finalSpecs\dbpedia-gutendata-texts/spec.xml	TargetProperty	http://purl.org/dc/terms/version
/home/mofeed/Projects/Transfer_Learning/finalSpecs\dbpedia-datagovUK-city/spec.xml	SourceProperty	http://dbpedia.org/property/mapsize
/home/mofeed/Projects/Transfer_Learning/finalSpecs\dbpedia-datagovUK-city/spec.xml	SourceProperty	http://dbpedia.org/property/augLowC
/home/mofeed/Projects/Transfer_Learning/finalSpecs\dbpedia-datagovUK-city/spec.xml	SourceProperty	http://dbpedia.org/property/novRecordHighC
/home/mofeed/Projects/Transfer_Learning/finalSpecs\dbpedia-datagovUK-city/spec.xml	SourceProperty	http://dbpedia.org/property/utcOffset
/home/mofeed/Projects/Transfer_Learning/finalSpecs\dbpedia-datagovUK-city/spec.xml	SourceProperty	http://dbpedia.org/resource/Template:Weather_box
/home/mofeed/Projects/Transfer_Learning/finalSpecs\dbpedia-datagovUK-city/spec.xml	SourceProperty	http://dbpedia.org/property/janLowC
/home/mofeed/Projects/Transfer_Learning/finalSpecs\dbpedia-datagovUK-city/spec.xml	SourceProperty	http://dbpedia.org/property/sepSun
/home/mofeed/Projects/Transfer_Learning/finalSpecs\dbpedia-datagovUK-city/spec.xml	SourceProperty	http://xmlns.com/foaf/0.1/page
/home/mofeed/Projects/Transfer_Learning/finalSpecs\dbpedia-datagovUK-city/spec.xml	SourceProperty	http://dbpedia.org/property/settlementType
/home/mofeed/Projects/Transfer_Learning/finalSpecs\dbpedia-datagovUK-city/spec.xml	SourceProperty	http://dbpedia.org/property/decRecordLowC
/home/mofeed/Projects/Transfer_Learning/finalSpecs\dbpedia-datagovUK-city/spec.xml	SourceProperty	http://dbpedia.org/property/febLowC
/home/mofeed/Projects/Transfer_Learning/finalSpecs\dbpedia-datagovUK-city/spec.xml	SourceProperty	http://dbpedia.org/property/novPrecipitationMm
/home/mofeed/Projects/Transfer_Learning/finalSpecs\dbpedia-datagovUK-city/spec.xml	SourceProperty	http://dbpedia.org/property/octHighC
/home/mofeed/Projects/Transfer_Learning/finalSpecs\dbpedia-datagovUK-city/spec.xml	SourceProperty	http://dbpedia.org/property/wikiPageUsesTemplate
/home/mofeed/Projects/Transfer_Learning/finalSpecs\dbpedia-datagovUK-city/spec.xml	SourceProperty	http://dbpedia.org/property/blankName
/home/mofeed/Projects/Transfer_Learning/finalSpecs\dbpedia-datagovUK-city/spec.xml	SourceProperty	http://dbpedia.org/ontology/utcOffset
/home/mofeed/Projects/Transfer_Learning/finalSpecs\dbpedia-datagovUK-city/spec.xml	SourceProperty	http://dbpedia.org/ontology/type
/home/mofeed/Projects/Transfer_Learning/finalSpecs\dbpedia-datagovUK-city/spec.xml	SourceProperty	http://dbpedia.org/property/febRecordLowC
/home/mofeed/Projects/Transfer_Learning/finalSpecs\dbpedia-datagovUK-city/spec.xml	SourceProperty	http://dbpedia.org/property/location
/home/mofeed/Projects/Transfer_Learning/finalSpecs\dbpedia-datagovUK-city/spec.xml	SourceProperty	http://dbpedia.org/property/augPrecipitationDays
/home/mofeed/Projects/Transfer_Learning/finalSpecs\dbpedia-datagovUK-city/spec.xml	SourceProperty	http://dbpedia.org/property/longew
/home/mofeed/Projects/Transfer_Learning/finalSpecs\dbpedia-datagovUK-city/spec.xml	SourceProperty	http://dbpedia.org/property/sepRecordLowC
/home/mofeed/Projects/Transfer_Learning/finalSpecs\dbpedia-datagovUK-city/spec.xml	SourceProperty	http://dbpedia.org/ontology/postalCode
/home/mofeed/Projects/Transfer_Learning/finalSpecs\dbpedia-datagovUK-city/spec.xml	SourceProperty	http://dbpedia.org/property/octPrecipitationMm
/home/mofeed/Projects/Transfer_Learning/finalSpecs\dbpedia-datagovUK-city/spec.xml	SourceProperty	http://dbpedia.org/property/marHighC
/home/mofeed/Projects/Transfer_Learning/finalSpecs\dbpedia-datagovUK-city/spec.xml	SourceProperty	http://dbpedia.org/property/longd
/home/mofeed/Projects/Transfer_Learning/finalSpecs\dbpedia-datagovUK-city/spec.xml	SourceProperty	http://dbpedia.org/ontology/isPartOf
/home/mofeed/Projects/Transfer_Learning/finalSpecs\dbpedia-datagovUK-city/spec.xml	SourceProperty	http://dbpedia.org/ontology/timeZone
/home/mofeed/Projects/Transfer_Learning/finalSpecs\dbpedia-datagovUK-city/spec.xml	SourceProperty	http://dbpedia.org/property/junRecordLowC
/home/mofeed/Projects/Transfer_Learning/finalSpecs\dbpedia-datagovUK-city/spec.xml	SourceProperty	http://dbpedia.org/property/populationBlank
/home/mofeed/Projects/Transfer_Learning/finalSpecs\dbpedia-datagovUK-city/spec.xml	SourceProperty	http://dbpedia.org/property/sepHighC
/home/mofeed/Projects/Transfer_Learning/finalSpecs\dbpedia-datagovUK-city/spec.xml	SourceProperty	http://dbpedia.org/property/longm
/home/mofeed/Projects/Transfer_Learning/finalSpecs\dbpedia-datagovUK-city/spec.xml	SourceProperty	http://dbpedia.org/property/establishedDate
/home/mofeed/Projects/Transfer_Learning/finalSpecs\dbpedia-datagovUK-city/spec.xml	SourceProperty	http://dbpedia.org/ontology/country
/home/mofeed/Projects/Transfer_Learning/finalSpecs\dbpedia-datagovUK-city/spec.xml	SourceProperty	http://dbpedia.org/property/octPrecipitationDays
/home/mofeed/Projects/Transfer_Learning/finalSpecs\dbpedia-datagovUK-city/spec.xml	SourceProperty	http://dbpedia.org/property/novHighC
/home/mofeed/Projects/Transfer_Learning/finalSpecs\dbpedia-datagovUK-city/spec.xml	SourceProperty	http://dbpedia.org/property/aprRecordLowC
/home/mofeed/Projects/Transfer_Learning/finalSpecs\dbpedia-datagovUK-city/spec.xml	SourceProperty	http://dbpedia.org/property/octSun
/home/mofeed/Projects/Transfer_Learning/finalSpecs\dbpedia-datagovUK-city/spec.xml	SourceProperty	http://dbpedia.org/property/mayRecordLowC
/home/mofeed/Projects/Transfer_Learning/finalSpecs\dbpedia-datagovUK-city/spec.xml	SourceProperty	http://dbpedia.org/property/postalCodeType
/home/mofeed/Projects/Transfer_Learning/finalSpecs\dbpedia-datagovUK-city/spec.xml	SourceProperty	http://dbpedia.org/property/mapCaption
/home/mofeed/Projects/Transfer_Learning/finalSpecs\dbpedia-datagovUK-city/spec.xml	SourceProperty	http://dbpedia.org/property/blankEmblemType
/home/mofeed/Projects/Transfer_Learning/finalSpecs\dbpedia-datagovUK-city/spec.xml	SourceProperty	http://dbpedia.org/property/marRecordLowC
/home/mofeed/Projects/Transfer_Learning/finalSpecs\dbpedia-datagovUK-city/spec.xml	SourceProperty	http://dbpedia.org/property/governmentType
/home/mofeed/Projects/Transfer_Learning/finalSpecs\dbpedia-datagovUK-city/spec.xml	SourceProperty	http://dbpedia.org/property/febPrecipitationDays
/home/mofeed/Projects/Transfer_Learning/finalSpecs\dbpedia-datagovUK-city/spec.xml	SourceProperty	http://www.w3.org/2002/07/owl#sameAs
/home/mofeed/Projects/Transfer_Learning/finalSpecs\dbpedia-datagovUK-city/spec.xml	SourceProperty	http://dbpedia.org/ontology/motto
/home/mofeed/Projects/Transfer_Learning/finalSpecs\dbpedia-datagovUK-city/spec.xml	SourceProperty	http://dbpedia.org/property/imageSkyline
/home/mofeed/Projects/Transfer_Learning/finalSpecs\dbpedia-datagovUK-city/spec.xml	SourceProperty	http://dbpedia.org/property/aprHighC
/home/mofeed/Projects/Transfer_Learning/finalSpecs\dbpedia-datagovUK-city/spec.xml	SourceProperty	http://dbpedia.org/property/yearRecordLowC
/home/mofeed/Projects/Transfer_Learning/finalSpecs\dbpedia-datagovUK-city/spec.xml	SourceProperty	http://dbpedia.org/property/janSun
/home/mofeed/Projects/Transfer_Learning/finalSpecs\dbpedia-datagovUK-city/spec.xml	SourceProperty	http://dbpedia.org/property/date
/home/mofeed/Projects/Transfer_Learning/finalSpecs\dbpedia-datagovUK-city/spec.xml	SourceProperty	http://dbpedia.org/property/nickname
/home/mofeed/Projects/Transfer_Learning/finalSpecs\dbpedia-datagovUK-city/spec.xml	SourceProperty	http://dbpedia.org/property/junSun
/home/mofeed/Projects/Transfer_Learning/finalSpecs\dbpedia-datagovUK-city/spec.xml	SourceProperty	http://dbpedia.org/property/leaderTitle
/home/mofeed/Projects/Transfer_Learning/finalSpecs\dbpedia-datagovUK-city/spec.xml	SourceProperty	http://dbpedia.org/ontology/populationDensity
/home/mofeed/Projects/Transfer_Learning/finalSpecs\dbpedia-datagovUK-city/spec.xml	SourceProperty	http://dbpedia.org/property/coordinatesRegion
/home/mofeed/Projects/Transfer_Learning/finalSpecs\dbpedia-datagovUK-city/spec.xml	SourceProperty	http://dbpedia.org/property/blank3Info
/home/mofeed/Projects/Transfer_Learning/finalSpecs\dbpedia-datagovUK-city/spec.xml	SourceProperty	http://dbpedia.org/ontology/thumbnail
/home/mofeed/Projects/Transfer_Learning/finalSpecs\dbpedia-datagovUK-city/spec.xml	SourceProperty	http://www.w3.org/2000/01/rdf-schema#comment
/home/mofeed/Projects/Transfer_Learning/finalSpecs\dbpedia-datagovUK-city/spec.xml	SourceProperty	http://dbpedia.org/property/decPrecipitationDays
/home/mofeed/Projects/Transfer_Learning/finalSpecs\dbpedia-datagovUK-city/spec.xml	SourceProperty	http://dbpedia.org/property/decHighC
/home/mofeed/Projects/Transfer_Learning/finalSpecs\dbpedia-datagovUK-city/spec.xml	SourceProperty	http://dbpedia.org/property/junLowC
/home/mofeed/Projects/Transfer_Learning/finalSpecs\dbpedia-datagovUK-city/spec.xml	SourceProperty	http://dbpedia.org/ontology/wikiPageExternalLink
/home/mofeed/Projects/Transfer_Learning/finalSpecs\dbpedia-datagovUK-city/spec.xml	SourceProperty	http://dbpedia.org/property/postalCode
/home/mofeed/Projects/Transfer_Learning/finalSpecs\dbpedia-datagovUK-city/spec.xml	SourceProperty	http://dbpedia.org/property/metricFirst
/home/mofeed/Projects/Transfer_Learning/finalSpecs\dbpedia-datagovUK-city/spec.xml	SourceProperty	http://dbpedia.org/property/imageMap
/home/mofeed/Projects/Transfer_Learning/finalSpecs\dbpedia-datagovUK-city/spec.xml	SourceProperty	http://dbpedia.org/property/junPrecipitationDays
/home/mofeed/Projects/Transfer_Learning/finalSpecs\dbpedia-datagovUK-city/spec.xml	SourceProperty	http://dbpedia.org/property/hasPhotoCollection
/home/mofeed/Projects/Transfer_Learning/finalSpecs\dbpedia-datagovUK-city/spec.xml	SourceProperty	http://dbpedia.org/property/website
/home/mofeed/Projects/Transfer_Learning/finalSpecs\dbpedia-datagovUK-city/spec.xml	SourceProperty	http://dbpedia.org/ontology/areaCode
/home/mofeed/Projects/Transfer_Learning/finalSpecs\dbpedia-datagovUK-city/spec.xml	SourceProperty	http://dbpedia.org/property/augRecordLowC
/home/mofeed/Projects/Transfer_Learning/finalSpecs\dbpedia-datagovUK-city/spec.xml	SourceProperty	http://dbpedia.org/property/subdivisionType
/home/mofeed/Projects/Transfer_Learning/finalSpecs\dbpedia-datagovUK-city/spec.xml	SourceProperty	http://dbpedia.org/ontology/PopulatedPlace/areaTotal
/home/mofeed/Projects/Transfer_Learning/finalSpecs\dbpedia-datagovUK-city/spec.xml	SourceProperty	http://dbpedia.org/property/octRecordHighC
/home/mofeed/Projects/Transfer_Learning/finalSpecs\dbpedia-datagovUK-city/spec.xml	SourceProperty	http://dbpedia.org/property/aprPrecipitationMm
/home/mofeed/Projects/Transfer_Learning/finalSpecs\dbpedia-datagovUK-city/spec.xml	SourceProperty	http://www.georss.org/georss/point
/home/mofeed/Projects/Transfer_Learning/finalSpecs\dbpedia-datagovUK-city/spec.xml	SourceProperty	http://dbpedia.org/property/marPrecipitationDays
/home/mofeed/Projects/Transfer_Learning/finalSpecs\dbpedia-datagovUK-city/spec.xml	SourceProperty	http://dbpedia.org/property/singleLine
/home/mofeed/Projects/Transfer_Learning/finalSpecs\dbpedia-datagovUK-city/spec.xml	SourceProperty	http://dbpedia.org/property/areaCode
/home/mofeed/Projects/Transfer_Learning/finalSpecs\dbpedia-datagovUK-city/spec.xml	SourceProperty	http://dbpedia.org/property/yearHighC
/home/mofeed/Projects/Transfer_Learning/finalSpecs\dbpedia-datagovUK-city/spec.xml	SourceProperty	http://dbpedia.org/property/febHighC
/home/mofeed/Projects/Transfer_Learning/finalSpecs\dbpedia-datagovUK-city/spec.xml	SourceProperty	http://dbpedia.org/property/novPrecipitationDays
/home/mofeed/Projects/Transfer_Learning/finalSpecs\dbpedia-datagovUK-city/spec.xml	SourceProperty	http://dbpedia.org/property/aprLowC
/home/mofeed/Projects/Transfer_Learning/finalSpecs\dbpedia-datagovUK-city/spec.xml	SourceProperty	http://dbpedia.org/property/yearLowC
/home/mofeed/Projects/Transfer_Learning/finalSpecs\dbpedia-datagovUK-city/spec.xml	SourceProperty	http://dbpedia.org/property/source
/home/mofeed/Projects/Transfer_Learning/finalSpecs\dbpedia-datagovUK-city/spec.xml	SourceProperty	http://xmlns.com/foaf/0.1/depiction
/home/mofeed/Projects/Transfer_Learning/finalSpecs\dbpedia-datagovUK-city/spec.xml	SourceProperty	http://dbpedia.org/property/latm
/home/mofeed/Projects/Transfer_Learning/finalSpecs\dbpedia-datagovUK-city/spec.xml	SourceProperty	http://dbpedia.org/property/decPrecipitationMm
/home/mofeed/Projects/Transfer_Learning/finalSpecs\dbpedia-datagovUK-city/spec.xml	SourceProperty	http://www.w3.org/2000/01/rdf-schema#label
/home/mofeed/Projects/Transfer_Learning/finalSpecs\dbpedia-datagovUK-city/spec.xml	SourceProperty	http://dbpedia.org/property/decLowC
/home/mofeed/Projects/Transfer_Learning/finalSpecs\dbpedia-datagovUK-city/spec.xml	SourceProperty	http://dbpedia.org/property/imageCaption
/home/mofeed/Projects/Transfer_Learning/finalSpecs\dbpedia-datagovUK-city/spec.xml	SourceProperty	http://dbpedia.org/property/marSun
/home/mofeed/Projects/Transfer_Learning/finalSpecs\dbpedia-datagovUK-city/spec.xml	SourceProperty	http://dbpedia.org/property/blank3Name
/home/mofeed/Projects/Transfer_Learning/finalSpecs\dbpedia-datagovUK-city/spec.xml	SourceProperty	http://dbpedia.org/property/junHighC
/home/mofeed/Projects/Transfer_Learning/finalSpecs\dbpedia-datagovUK-city/spec.xml	SourceProperty	http://dbpedia.org/property/julRecordHighC
/home/mofeed/Projects/Transfer_Learning/finalSpecs\dbpedia-datagovUK-city/spec.xml	SourceProperty	http://dbpedia.org/property/elevationFt
/home/mofeed/Projects/Transfer_Learning/finalSpecs\dbpedia-datagovUK-city/spec.xml	SourceProperty	http://dbpedia.org/property/julLowC
/home/mofeed/Projects/Transfer_Learning/finalSpecs\dbpedia-datagovUK-city/spec.xml	SourceProperty	http://xmlns.com/foaf/0.1/homepage
/home/mofeed/Projects/Transfer_Learning/finalSpecs\dbpedia-datagovUK-city/spec.xml	SourceProperty	http://dbpedia.org/property/leaderName
/home/mofeed/Projects/Transfer_Learning/finalSpecs\dbpedia-datagovUK-city/spec.xml	SourceProperty	http://dbpedia.org/property/marLowC
/home/mofeed/Projects/Transfer_Learning/finalSpecs\dbpedia-datagovUK-city/spec.xml	SourceProperty	http://dbpedia.org/property/blankInfo
/home/mofeed/Projects/Transfer_Learning/finalSpecs\dbpedia-datagovUK-city/spec.xml	SourceProperty	http://dbpedia.org/ontology/abstract
/home/mofeed/Projects/Transfer_Learning/finalSpecs\dbpedia-datagovUK-city/spec.xml	SourceProperty	http://dbpedia.org/property/febRecordHighC
/home/mofeed/Projects/Transfer_Learning/finalSpecs\dbpedia-datagovUK-city/spec.xml	SourceProperty	http://dbpedia.org/property/imageBlankEmblem
/home/mofeed/Projects/Transfer_Learning/finalSpecs\dbpedia-datagovUK-city/spec.xml	SourceProperty	http://dbpedia.org/property/populationBlank1Title
/home/mofeed/Projects/Transfer_Learning/finalSpecs\dbpedia-datagovUK-city/spec.xml	SourceProperty	http://dbpedia.org/property/novLowC
/home/mofeed/Projects/Transfer_Learning/finalSpecs\dbpedia-datagovUK-city/spec.xml	SourceProperty	http://dbpedia.org/property/mayPrecipitationDays
/home/mofeed/Projects/Transfer_Learning/finalSpecs\dbpedia-datagovUK-city/spec.xml	SourceProperty	http://dbpedia.org/property/janRecordLowC
/home/mofeed/Projects/Transfer_Learning/finalSpecs\dbpedia-datagovUK-city/spec.xml	SourceProperty	http://dbpedia.org/property/aprSun
/home/mofeed/Projects/Transfer_Learning/finalSpecs\dbpedia-datagovUK-city/spec.xml	SourceProperty	http://dbpedia.org/property/sepPrecipitationMm
/home/mofeed/Projects/Transfer_Learning/finalSpecs\dbpedia-datagovUK-city/spec.xml	SourceProperty	http://dbpedia.org/property/establishedTitle
/home/mofeed/Projects/Transfer_Learning/finalSpecs\dbpedia-datagovUK-city/spec.xml	SourceProperty	http://xmlns.com/foaf/0.1/name
/home/mofeed/Projects/Transfer_Learning/finalSpecs\dbpedia-datagovUK-city/spec.xml	SourceProperty	http://dbpedia.org/ontology/PopulatedPlace/populationDensity
/home/mofeed/Projects/Transfer_Learning/finalSpecs\dbpedia-datagovUK-city/spec.xml	SourceProperty	http://dbpedia.org/property/latns
/home/mofeed/Projects/Transfer_Learning/finalSpecs\dbpedia-datagovUK-city/spec.xml	SourceProperty	http://dbpedia.org/property/subdivisionName
/home/mofeed/Projects/Transfer_Learning/finalSpecs\dbpedia-datagovUK-city/spec.xml	SourceProperty	http://dbpedia.org/property/timezone
/home/mofeed/Projects/Transfer_Learning/finalSpecs\dbpedia-datagovUK-city/spec.xml	SourceProperty	http://dbpedia.org/property/maySun
/home/mofeed/Projects/Transfer_Learning/finalSpecs\dbpedia-datagovUK-city/spec.xml	SourceProperty	http://dbpedia.org/property/augRecordHighC
/home/mofeed/Projects/Transfer_Learning/finalSpecs\dbpedia-datagovUK-city/spec.xml	SourceProperty	http://dbpedia.org/property/latd
/home/mofeed/Projects/Transfer_Learning/finalSpecs\dbpedia-datagovUK-city/spec.xml	SourceProperty	http://dbpedia.org/property/areaTotalKm
/home/mofeed/Projects/Transfer_Learning/finalSpecs\dbpedia-datagovUK-city/spec.xml	SourceProperty	http://dbpedia.org/property/octRecordLowC
/home/mofeed/Projects/Transfer_Learning/finalSpecs\dbpedia-datagovUK-city/spec.xml	SourceProperty	http://dbpedia.org/property/janRecordHighC
/home/mofeed/Projects/Transfer_Learning/finalSpecs\dbpedia-datagovUK-city/spec.xml	SourceProperty	http://dbpedia.org/property/marPrecipitationMm
/home/mofeed/Projects/Transfer_Learning/finalSpecs\dbpedia-datagovUK-city/spec.xml	SourceProperty	http://dbpedia.org/property/febSun
/home/mofeed/Projects/Transfer_Learning/finalSpecs\dbpedia-datagovUK-city/spec.xml	SourceProperty	http://dbpedia.org/ontology/elevation
/home/mofeed/Projects/Transfer_Learning/finalSpecs\dbpedia-datagovUK-city/spec.xml	SourceProperty	http://dbpedia.org/property/aprRecordHighC
/home/mofeed/Projects/Transfer_Learning/finalSpecs\dbpedia-datagovUK-city/spec.xml	SourceProperty	http://dbpedia.org/property/blank2Name
/home/mofeed/Projects/Transfer_Learning/finalSpecs\dbpedia-datagovUK-city/spec.xml	SourceProperty	http://dbpedia.org/property/marRecordHighC
/home/mofeed/Projects/Transfer_Learning/finalSpecs\dbpedia-datagovUK-city/spec.xml	SourceProperty	http://dbpedia.org/ontology/governmentType
/home/mofeed/Projects/Transfer_Learning/finalSpecs\dbpedia-datagovUK-city/spec.xml	SourceProperty	http://www.w3.org/2003/01/geo/wgs84_pos#lat
/home/mofeed/Projects/Transfer_Learning/finalSpecs\dbpedia-datagovUK-city/spec.xml	SourceProperty	http://dbpedia.org/property/blank1Info
/home/mofeed/Projects/Transfer_Learning/finalSpecs\dbpedia-datagovUK-city/spec.xml	SourceProperty	http://dbpedia.org/property/julHighC
/home/mofeed/Projects/Transfer_Learning/finalSpecs\dbpedia-datagovUK-city/spec.xml	SourceProperty	http://dbpedia.org/property/julSun
/home/mofeed/Projects/Transfer_Learning/finalSpecs\dbpedia-datagovUK-city/spec.xml	SourceProperty	http://dbpedia.org/property/junPrecipitationMm
/home/mofeed/Projects/Transfer_Learning/finalSpecs\dbpedia-datagovUK-city/spec.xml	SourceProperty	http://dbpedia.org/property/mayLowC
/home/mofeed/Projects/Transfer_Learning/finalSpecs\dbpedia-datagovUK-city/spec.xml	SourceProperty	http://dbpedia.org/property/janPrecipitationMm
/home/mofeed/Projects/Transfer_Learning/finalSpecs\dbpedia-datagovUK-city/spec.xml	SourceProperty	http://dbpedia.org/property/populationDensityKm
/home/mofeed/Projects/Transfer_Learning/finalSpecs\dbpedia-datagovUK-city/spec.xml	SourceProperty	http://dbpedia.org/ontology/leaderName
/home/mofeed/Projects/Transfer_Learning/finalSpecs\dbpedia-datagovUK-city/spec.xml	SourceProperty	http://dbpedia.org/property/augPrecipitationMm
/home/mofeed/Projects/Transfer_Learning/finalSpecs\dbpedia-datagovUK-city/spec.xml	SourceProperty	http://dbpedia.org/property/octLowC
/home/mofeed/Projects/Transfer_Learning/finalSpecs\dbpedia-datagovUK-city/spec.xml	SourceProperty	http://dbpedia.org/property/sepRecordHighC
/home/mofeed/Projects/Transfer_Learning/finalSpecs\dbpedia-datagovUK-city/spec.xml	SourceProperty	http://dbpedia.org/property/augSun
/home/mofeed/Projects/Transfer_Learning/finalSpecs\dbpedia-datagovUK-city/spec.xml	SourceProperty	http://purl.org/dc/terms/subject
/home/mofeed/Projects/Transfer_Learning/finalSpecs\dbpedia-datagovUK-city/spec.xml	SourceProperty	http://dbpedia.org/property/augHighC
/home/mofeed/Projects/Transfer_Learning/finalSpecs\dbpedia-datagovUK-city/spec.xml	SourceProperty	http://dbpedia.org/property/blank1Name
/home/mofeed/Projects/Transfer_Learning/finalSpecs\dbpedia-datagovUK-city/spec.xml	SourceProperty	http://dbpedia.org/property/novSun
/home/mofeed/Projects/Transfer_Learning/finalSpecs\dbpedia-datagovUK-city/spec.xml	SourceProperty	http://dbpedia.org/ontology/leaderTitle
/home/mofeed/Projects/Transfer_Learning/finalSpecs\dbpedia-datagovUK-city/spec.xml	SourceProperty	http://dbpedia.org/property/decRecordHighC
/home/mofeed/Projects/Transfer_Learning/finalSpecs\dbpedia-datagovUK-city/spec.xml	SourceProperty	http://www.w3.org/2003/01/geo/wgs84_pos#long
/home/mofeed/Projects/Transfer_Learning/finalSpecs\dbpedia-datagovUK-city/spec.xml	SourceProperty	http://dbpedia.org/property/julPrecipitationMm
/home/mofeed/Projects/Transfer_Learning/finalSpecs\dbpedia-datagovUK-city/spec.xml	SourceProperty	http://www.w3.org/1999/02/22-rdf-syntax-ns#type
/home/mofeed/Projects/Transfer_Learning/finalSpecs\dbpedia-datagovUK-city/spec.xml	SourceProperty	http://dbpedia.org/property/mayHighC
/home/mofeed/Projects/Transfer_Learning/finalSpecs\dbpedia-datagovUK-city/spec.xml	SourceProperty	http://dbpedia.org/property/yearPrecipitationMm
/home/mofeed/Projects/Transfer_Learning/finalSpecs\dbpedia-datagovUK-city/spec.xml	SourceProperty	http://dbpedia.org/property/janPrecipitationDays
/home/mofeed/Projects/Transfer_Learning/finalSpecs\dbpedia-datagovUK-city/spec.xml	SourceProperty	http://dbpedia.org/property/febPrecipitationMm
/home/mofeed/Projects/Transfer_Learning/finalSpecs\dbpedia-datagovUK-city/spec.xml	SourceProperty	http://dbpedia.org/property/novRecordLowC
/home/mofeed/Projects/Transfer_Learning/finalSpecs\dbpedia-datagovUK-city/spec.xml	SourceProperty	http://dbpedia.org/property/utcOffsetDst
/home/mofeed/Projects/Transfer_Learning/finalSpecs\dbpedia-datagovUK-city/spec.xml	SourceProperty	http://dbpedia.org/resource/Template:Infobox_settlement
/home/mofeed/Projects/Transfer_Learning/finalSpecs\dbpedia-datagovUK-city/spec.xml	SourceProperty	http://dbpedia.org/property/motto
/home/mofeed/Projects/Transfer_Learning/finalSpecs\dbpedia-datagovUK-city/spec.xml	SourceProperty	http://xmlns.com/foaf/0.1/nick
/home/mofeed/Projects/Transfer_Learning/finalSpecs\dbpedia-datagovUK-city/spec.xml	SourceProperty	http://dbpedia.org/property/julPrecipitationDays
/home/mofeed/Projects/Transfer_Learning/finalSpecs\dbpedia-datagovUK-city/spec.xml	SourceProperty	http://dbpedia.org/property/junRecordHighC
/home/mofeed/Projects/Transfer_Learning/finalSpecs\dbpedia-datagovUK-city/spec.xml	SourceProperty	http://dbpedia.org/property/decSun
/home/mofeed/Projects/Transfer_Learning/finalSpecs\dbpedia-datagovUK-city/spec.xml	SourceProperty	http://dbpedia.org/property/timezoneDst
/home/mofeed/Projects/Transfer_Learning/finalSpecs\dbpedia-datagovUK-city/spec.xml	SourceProperty	http://dbpedia.org/property/janHighC
/home/mofeed/Projects/Transfer_Learning/finalSpecs\dbpedia-datagovUK-city/spec.xml	SourceProperty	http://dbpedia.org/property/julRecordLowC
/home/mofeed/Projects/Transfer_Learning/finalSpecs\dbpedia-datagovUK-city/spec.xml	SourceProperty	http://dbpedia.org/property/mayPrecipitationMm
/home/mofeed/Projects/Transfer_Learning/finalSpecs\dbpedia-datagovUK-city/spec.xml	SourceProperty	http://dbpedia.org/property/yearRecordHighC
/home/mofeed/Projects/Transfer_Learning/finalSpecs\dbpedia-datagovUK-city/spec.xml	SourceProperty	http://dbpedia.org/property/officialName
/home/mofeed/Projects/Transfer_Learning/finalSpecs\dbpedia-datagovUK-city/spec.xml	SourceProperty	http://dbpedia.org/property/sepLowC
/home/mofeed/Projects/Transfer_Learning/finalSpecs\dbpedia-datagovUK-city/spec.xml	SourceProperty	http://dbpedia.org/property/mayRecordHighC
/home/mofeed/Projects/Transfer_Learning/finalSpecs\dbpedia-datagovUK-city/spec.xml	SourceProperty	http://dbpedia.org/ontology/areaTotal
/home/mofeed/Projects/Transfer_Learning/finalSpecs\dbpedia-datagovUK-city/spec.xml	TargetProperty	http://www.w3.org/2002/07/owl#sameAs
/home/mofeed/Projects/Transfer_Learning/finalSpecs\dbpedia-datagovUK-city/spec.xml	TargetProperty	http://statistics.data.gov.uk/def/geography/localEducationBody
/home/mofeed/Projects/Transfer_Learning/finalSpecs\dbpedia-datagovUK-city/spec.xml	TargetProperty	http://statistics.data.gov.uk/def/administrative-geography/county
/home/mofeed/Projects/Transfer_Learning/finalSpecs\dbpedia-datagovUK-city/spec.xml	TargetProperty	http://www.w3.org/2000/01/rdf-schema#label
/home/mofeed/Projects/Transfer_Learning/finalSpecs\dbpedia-datagovUK-city/spec.xml	TargetProperty	http://www.w3.org/2004/02/skos/core#altLabel
/home/mofeed/Projects/Transfer_Learning/finalSpecs\dbpedia-datagovUK-city/spec.xml	TargetProperty	http://statistics.data.gov.uk/def/geography/localEducationAuthorityArea
/home/mofeed/Projects/Transfer_Learning/finalSpecs\dbpedia-datagovUK-city/spec.xml	TargetProperty	http://data.ordnancesurvey.co.uk/ontology/spatialrelations/containedBy
/home/mofeed/Projects/Transfer_Learning/finalSpecs\dbpedia-datagovUK-city/spec.xml	TargetProperty	http://data.ordnancesurvey.co.uk/ontology/spatialrelations/contains
/home/mofeed/Projects/Transfer_Learning/finalSpecs\dbpedia-datagovUK-city/spec.xml	TargetProperty	http://www.w3.org/1999/02/22-rdf-syntax-ns#type
/home/mofeed/Projects/Transfer_Learning/finalSpecs\dbpedia-datagovUK-city/spec.xml	TargetProperty	http://statistics.data.gov.uk/def/administrative-geography/country
/home/mofeed/Projects/Transfer_Learning/finalSpecs\dbpedia-datagovUK-city/spec.xml	TargetProperty	http://www.w3.org/2004/02/skos/core#notation
/home/mofeed/Projects/Transfer_Learning/finalSpecs\dbpedia-datagovUK-city/spec.xml	TargetProperty	http://statistics.data.gov.uk/def/administrative-geography/region
/home/mofeed/Projects/Transfer_Learning/finalSpecs\dbpedia-datagovUK-city/spec.xml	TargetProperty	http://statistics.data.gov.uk/def/electoral-geography/ward
/home/mofeed/Projects/Transfer_Learning/finalSpecs\dbpedia-datagovUK-city/spec.xml	TargetProperty	http://statistics.data.gov.uk/def/geography/localLearningAndSkillsCouncilArea
/home/mofeed/Projects/Transfer_Learning/finalSpecs\dbpedia-datagovUK-city/spec.xml	TargetProperty	http://www.w3.org/2004/02/skos/core#prefLabel
/home/mofeed/Projects/Transfer_Learning/finalSpecs\dbpedia-datagovUK-city/spec.xml	TargetProperty	http://statistics.data.gov.uk/def/administrative-geography/localAuthority
/home/mofeed/Projects/Transfer_Learning/finalSpecs\rkbcrime-dbpedia-constabularies/spec.xml	SourceProperty	http://www.w3.org/1999/02/22-rdf-syntax-ns#type
/home/mofeed/Projects/Transfer_Learning/finalSpecs\rkbcrime-dbpedia-constabularies/spec.xml	SourceProperty	http://www.w3.org/2000/01/rdf-schema#label
/home/mofeed/Projects/Transfer_Learning/finalSpecs\rkbcrime-dbpedia-constabularies/spec.xml	TargetProperty	http://www.w3.org/2002/07/owl#sameAs
/home/mofeed/Projects/Transfer_Learning/finalSpecs\rkbcrime-dbpedia-constabularies/spec.xml	TargetProperty	http://dbpedia.org/property/divname
/home/mofeed/Projects/Transfer_Learning/finalSpecs\rkbcrime-dbpedia-constabularies/spec.xml	TargetProperty	http://xmlns.com/foaf/0.1/depiction
/home/mofeed/Projects/Transfer_Learning/finalSpecs\rkbcrime-dbpedia-constabularies/spec.xml	TargetProperty	http://dbpedia.org/ontology/wikiPageExternalLink
/home/mofeed/Projects/Transfer_Learning/finalSpecs\rkbcrime-dbpedia-constabularies/spec.xml	TargetProperty	http://www.w3.org/2000/01/rdf-schema#label
/home/mofeed/Projects/Transfer_Learning/finalSpecs\rkbcrime-dbpedia-constabularies/spec.xml	TargetProperty	http://purl.org/dc/terms/subject
/home/mofeed/Projects/Transfer_Learning/finalSpecs\rkbcrime-dbpedia-constabularies/spec.xml	TargetProperty	http://xmlns.com/foaf/0.1/page
/home/mofeed/Projects/Transfer_Learning/finalSpecs\rkbcrime-dbpedia-constabularies/spec.xml	TargetProperty	http://dbpedia.org/property/wikiPageUsesTemplate
/home/mofeed/Projects/Transfer_Learning/finalSpecs\rkbcrime-dbpedia-constabularies/spec.xml	TargetProperty	http://www.w3.org/1999/02/22-rdf-syntax-ns#type
/home/mofeed/Projects/Transfer_Learning/finalSpecs\rkbcrime-dbpedia-constabularies/spec.xml	TargetProperty	http://dbpedia.org/ontology/thumbnail
/home/mofeed/Projects/Transfer_Learning/finalSpecs\rkbcrime-dbpedia-constabularies/spec.xml	TargetProperty	http://dbpedia.org/property/wordnet_type
/home/mofeed/Projects/Transfer_Learning/finalSpecs\rkbcrime-dbpedia-constabularies/spec.xml	TargetProperty	http://xmlns.com/foaf/0.1/homepage
/home/mofeed/Projects/Transfer_Learning/finalSpecs\rkbcrime-dbpedia-constabularies/spec.xml	TargetProperty	http://www.w3.org/2000/01/rdf-schema#comment
/home/mofeed/Projects/Transfer_Learning/finalSpecs\rkbcrime-dbpedia-constabularies/spec.xml	TargetProperty	http://dbpedia.org/ontology/abstract
/home/mofeed/Projects/Transfer_Learning/finalSpecs\rkbcrime-dbpedia-constabularies/spec.xml	TargetProperty	http://dbpedia.org/property/map
